representation,model,n_features,accuracy,precision,recall,f1,vectorize_time_s,train_time_s,predict_time_s
Baseline (all words),Multinomial NB,3000,0.8801932367149758,0.9444444444444444,0.6233333333333333,0.751004016064257,4.936648000002606,0.0070149000093806535,0.0022532000148203224
Baseline (all words),Logistic Regression,3000,0.9507246376811594,0.9307958477508651,0.8966666666666666,0.9134125636672326,4.936648000002606,0.12659679999342188,0.0010252000065520406
Baseline (all words),Linear SVM,3000,0.9845410628019323,0.9640522875816994,0.9833333333333333,0.9735973597359736,4.936648000002606,0.13109449998592027,0.001302599994232878
max_features=1000,Multinomial NB,1000,0.9188405797101449,0.932,0.7766666666666666,0.8472727272727273,4.86845180002274,0.014183599996613339,0.002343300002394244
max_features=1000,Logistic Regression,1000,0.9420289855072463,0.9195804195804196,0.8766666666666667,0.8976109215017065,4.86845180002274,0.1605666000104975,0.0014933999918866903
max_features=1000,Linear SVM,1000,0.9797101449275363,0.9485530546623794,0.9833333333333333,0.9656301145662848,4.86845180002274,0.1008387999900151,0.0009363999997731298
max_features=500,Multinomial NB,500,0.8483091787439614,0.9333333333333333,0.5133333333333333,0.6623655913978495,4.785162099986337,0.00691609998466447,0.0016132000018842518
max_features=500,Logistic Regression,500,0.9333333333333333,0.9024390243902439,0.8633333333333333,0.8824531516183987,4.785162099986337,0.09450219999416731,0.0008734000148251653
max_features=500,Linear SVM,500,0.970048309178744,0.9242902208201893,0.9766666666666667,0.9497568881685575,4.785162099986337,0.08717690000776201,0.0008462999830953777
stop_words='english',Multinomial NB,2762,0.8966183574879227,0.9488372093023256,0.68,0.7922330097087379,4.798847299971385,0.006414699979359284,0.0013445999938994646
stop_words='english',Logistic Regression,2762,0.9410628019323671,0.9252669039145908,0.8666666666666667,0.8950086058519794,4.798847299971385,0.08095969998976216,0.0009581999911461025
stop_words='english',Linear SVM,2762,0.9806763285024155,0.9575163398692811,0.9766666666666667,0.966996699669967,4.798847299971385,0.10049819998675957,0.0010116999910678715
"min_df=5, max_df=0.9",Multinomial NB,2958,0.9478260869565217,0.8796296296296297,0.95,0.9134615384615384,4.845544800016796,0.005956499982858077,0.0014144000015221536
"min_df=5, max_df=0.9",Logistic Regression,2958,0.9758454106280193,0.9568106312292359,0.96,0.9584026622296173,4.845544800016796,0.08731850000913255,0.0009719000081531703
"min_df=5, max_df=0.9",Linear SVM,2958,0.9855072463768116,0.9672131147540983,0.9833333333333333,0.9752066115702479,4.845544800016796,0.08754490001592785,0.0011904000130016357
stop + max_features=1000,Multinomial NB,1000,0.9159420289855073,0.9111969111969112,0.7866666666666666,0.8443649373881932,4.85545249999268,0.005833900009747595,0.0011654999980237335
stop + max_features=1000,Logistic Regression,1000,0.936231884057971,0.920863309352518,0.8533333333333334,0.8858131487889274,4.85545249999268,0.10141610002028756,0.0007074999739415944
stop + max_features=1000,Linear SVM,1000,0.9739130434782609,0.9361022364217252,0.9766666666666667,0.9559543230016313,4.85545249999268,0.07204979998641647,0.0008028000011108816
